﻿ImageID,ImageDir,StudyDate,StudyID,PatientID,PatientAge,PatientGender,PatientPosition,PositionView,Projection,ProjectionMethod,ImageWidth,ImageHeight,ReportID,Findings,Indication,Comparison,Impression,EndHere
CASIA-CXR_Pneumothorax_ImgID_0001,/CASIA-CXR_Database/Pneumothorax_Images/CASIA-CXR_Pneumothorax_0001,4/14/2020,CASIA-CXR_PneumothoraxStudyID_0001,CASIA-CXR_PneumothoraxPatientID_0001,48,M,Erect,PosteroAnterior,PA,Manual,2372,3000,CASIA-CXR_PneumothoraxReportID_0001,Opacités linéaire et stellaire bilatérales et rétractiles bilatérales et diffuses./Surcharge hilaire bilatérale./Il s’y associe des opacités linéaires rétractiles avec épaississement non septaux bilatéraux./Hyperclartés apicales bilatérales et hilaire./Pneumothorax droit de moyenne abondance avec collapsus partiel du poumon droit./Aspect pincé de la coupole diaphragmatique gauche (tente diaphragmatique)./Distension pulmonaire globale avec aplatissement des côtes./Bout distal du train thoracique en place au niveau du tiers supérieur du poumon droit./Absence d’épanchement pleural./Absence d’anomalie du gril costal./Absence d’anomalie des parties molles,"ATCD de Pneumothorax, Contrôle",None,Pneumothorax droit de moyenne abondance./Atteinte interstitielle diffuse avec emphysème pulmonaire./Drain thoracique en place,#
CASIA-CXR_Pneumothorax_ImgID_0002,/CASIA-CXR_Database/Pneumothorax_Images/CASIA-CXR_Pneumothorax_0002,1/12/2022,CASIA-CXR_PneumothoraxStudyID_0002,CASIA-CXR_PneumothoraxPatientID_0002,46,M,Erect,PosteroAnterior,PA,Manual,2372,3000,CASIA-CXR_PneumothoraxReportID_0002,"Pneumothorax de moyenne abondance bilatéral visible au niveau des lobes supérieurs./Distension des deux hémi champs pulmonaires avec élargissement des espaces intercostaux et aplatissement des coupoles diaphragmatiques./Opacité basi-thoracique gauche, de contours spiculés./Emphysème sous-cutané disséquant les parties molles pariétales cervicales gauches./Aspect déroulé de l’aorte thoracique./Absence d’anomalie osseuse notable.",Détresse Respiratoire Aigüe,None,Pneumothorax bilatéral de moyenne abondance./Opacité basi-thoracique gauche de contours spiculé d’allure suspecte,#
CASIA-CXR_Pneumothorax_ImgID_0003,/CASIA-CXR_Database/Pneumothorax_Images/CASIA-CXR_Pneumothorax_0003,8/17/2022,CASIA-CXR_PneumothoraxStudyID_0003,CASIA-CXR_PneumothoraxPatientID_0003,56,M,Erect,PosteroAnterior,PA,Manual,2372,3000,CASIA-CXR_PneumothoraxReportID_0003,Pneumothorax gauche de moyenne abondance./Silhouette cardiaque d’aspect normal./Absence d’anomalie médiastinale./Absence d’épanchement pleural./Absence d’anomalie du gril costal./Absence d’anomalie des parties molles,"Douleur Thoracique en coup de poignard, Dyspnée",None,Pneumothorax gauche non compressif,#
CASIA-CXR_Pneumothorax_ImgID_0004,/CASIA-CXR_Database/Pneumothorax_Images/CASIA-CXR_Pneumothorax_0004,2/13/2022,CASIA-CXR_PneumothoraxStudyID_0004,CASIA-CXR_PneumothoraxPatientID_0004,82,M,Erect,PosteroAnterior,PA,Manual,2372,3000,CASIA-CXR_PneumothoraxReportID_0004,Pneumothorax gauche de moyenne abondance./Drain en place au niveau du tiers supérieur de l’hémichamp pulmonaire gauche./Silhouette cardiaque d’aspect normal./Absence d’anomalie médiastinale./Absence d’épanchement pleural./Absence d’anomalie du gril costal./Absence d’anomalie des parties molles,"Douleur Thoracique en coup de poignard, Dyspnée",None,Pneumothorax gauche non compressif./Drain en place,#
CASIA-CXR_Pneumothorax_ImgID_0005,/CASIA-CXR_Database/Pneumothorax_Images/CASIA-CXR_Pneumothorax_0005,10/26/2022,CASIA-CXR_PneumothoraxStudyID_0005,CASIA-CXR_PneumothoraxPatientID_0005,42,M,Erect,PosteroAnterior,PA,Manual,2372,3000,CASIA-CXR_PneumothoraxReportID_0005,Pneumothorax de grande  abondance gauche abaissant la coupole diaphragmatique gauche et  refoulant les éléments du médiastin vers le côté droit./Drain visible au niveau de la cavité pleural gauche./Réduction de l’hémi champ pulmonaire  droit./Absence d’anomalie osseuse notable,Détresse Respiratoire Aigüe,None,Pneumothorax gauche de grande abondance,#
