﻿ImageID,ImageDir,StudyDate,StudyID,PatientID,PatientAge,PatientGender,PatientPosition,PositionView,Projection,ProjectionMethod,ImageWidth,ImageHeight,ReportID,Findings,Indication,Comparison,Impression,EndHere
CASIA-CXR_PleuralEffusion_ImgID _0001 ,/CASIA-CXR_Database/PleuralEffusion_Images/CASIA-CXR_PleuralEffusion_0001,10/18/2022,CASIA-CXR_PleuralEffusionStudyID_0001,CASIA-CXR_PleuralEffusionPatientID_0001,46,M,Erect,PosteroAnterior,PA,Manual,2372,3000,CASIA-CXR_PleuralEffusionReportID_0001,Épanchement pleural gauche de moyenne abondance./Surcharge hilaire bilatérale./Aspect rétracté du poumon gauche avec attraction de la trachée et hypertrophie compensatrice du poumon droit./Absence d’anomalie du gril costal./Absence d’anomalie des parties molles.,"Dyspnée, Lobectomie inférieure gauche",None,Épanchement pleural gauche de moyenne abondance./Aspect rétracté du poumon gauche avec déviation de la trachée et hypertrophie compensatrice du poumon droit secondaire à une lobectomie gauche./Surcharge hilaire bilatérale.,#
CASIA-CXR_PleuralEffusion_ImgID _0002,/CASIA-CXR_Database/PleuralEffusion_Images/CASIA-CXR_PleuralEffusion_0002,11/1/2020,CASIA-CXR_PleuralEffusionStudyID_0002,CASIA-CXR_PleuralEffusionPatientID_0002,55,F,Erect,PosteroAnterior,PA,Manual,2372,3000,CASIA-CXR_PleuralEffusionReportID_0002,"Volumineuse opacité de tonalité hydrique occupant la quasi-totalité de l’hémichamps pulmonaire droit, responsable d’une déviation des éléments du médiastin et de la trachée vers le coté controlatéral avec collapsus du poumon droit et effet de masse sur le poumon guache./Surcharge hilaire gauche./Absence d’anomalie du gril costal./Absence d’anomalie des parties molles./Lésion condensante vertébrales étagées.",Néo du sein G traité,None,Épanchement pleural droit compressif avec collapsus pulmonaire homolatéral et effet de masse sur le médiastin et le poumon controlatéral./Lésion condensantes vertébrales étagées d’origine secondaire probable.,#
CASIA-CXR_PleuralEffusion_ImgID _0003,/CASIA-CXR_Database/PleuralEffusion_Images/CASIA-CXR_PleuralEffusion_0003,9/28/2022,CASIA-CXR_PleuralEffusionStudyID_0003,CASIA-CXR_PleuralEffusionPatientID_0003,53,F,Erect,PosteroAnterior,PA,Manual,2372,3000,CASIA-CXR_PleuralEffusionReportID_0003,Opacité basithoracique gauche de densité effaçant le cul de sac costo-diaphragmatique avec limite supérieure se continuant en pente douce avec la paroi thoracique (ligne de Damoiseau)./Surcharge hilaire bilatérale./Ascension de la coupole diaphragmatique gauche./Absence d’anomalie du gril costal./Absence d’anomalie des parties molles.,Douleur Thoracique,None,Épanchement pleural gauche d’allure cloisonné avec probable atélectasie basale homolatéral.,#
CASIA-CXR_PleuralEffusion_ImgID _0004,/CASIA-CXR_Database/PleuralEffusion_Images/CASIA-CXR_PleuralEffusion_0004,3/17/2022,CASIA-CXR_PleuralEffusionStudyID_0004,CASIA-CXR_PleuralEffusionPatientID_0004,79,M,Erect,PosteroAnterior,PA,Manual,2372,3000,CASIA-CXR_PleuralEffusionReportID_0004,"Volumineuse opacité de tonalité hydrique occupant la quasi-totalité de l’hémichamps pulmonaire droit, responsable d’une déviation des éléments du médiastin vers le coté controlatéral./Absence d’anomalie du gril costal./Absence d’anomalie des parties molles./Lésion condensante vertébrales étagées.","Douleur Thoracique, Dyspnée Fébrile",None,Épanchement pleural droit de grande abondance avec effet de masse sur le médiastin.,#
CASIA-CXR_PleuralEffusion_ImgID _0005,/CASIA-CXR_Database/PleuralEffusion_Images/CASIA-CXR_PleuralEffusion_0005,5/20/2022,CASIA-CXR_PleuralEffusionStudyID_0005,CASIA-CXR_PleuralEffusionPatientID_0005,83,M,Erect,PosteroAnterior,PA,Manual,2372,3000,CASIA-CXR_PleuralEffusionReportID_0005,"Volumineuse opacité de tonalité hydrique occupant la quasi-totalité de l’hémichamps pulmonaire droit, responsable d’une déviation des éléments du médiastin et de la t vers le coté controlatéral./Absence d’anomalie du gril costal./Absence d’anomalie des parties molles./Lésion condensante vertébrales étagées.","Douleur Thoracique, Dyspnée Fébrile.",None,Épanchementpleural droit de grande abondance avec effet de masse sur le médiastin.,#
